,DENOMINACION DEL PROGRAMA CEDEAR,Identificación Mercado,Código Caja de Valores,ISIN CEDEAR,ISIN Subyacente,Cusip # Subyacente,Ratio Cedear/Acción ó ADR,Montos Máximos ,Mercado de Negociación,Valor Subyacente,Frecuencia de Pago,País de Origen,Industria,Descripción de la Industria,Mercado Elegible
1,ABBOTT LABORATORIES,ABT,8065,ARDEUT110608,US0028241000,2824100,4:1,"30,000,000.00",NYSE,Common Stock,Quarter,Estados Unidos,Consumer,Health Care Equipment & Suppli,DTC
2,HOWMET AEROSPACE INC,HWM,8007,ARDEUT110020,US4432011082,443201108,1:1,"1,000,000.00",NYSE,Common Stock,Irreg,Estados Unidos,Industrial,Aerospace & Defense,DTC
3,AEGON LTD NPV,AEG,8242,ARDEUT112398,US0076CA1045,0076CA104,1:1,"250,000,000.00",NYSE,ADR,Semi-Anl,Paises Bajos,Financial,Insurance,DTC
4,"ALTRIA GROUP, INC",MO,8036,ARDEUT110327,US02209S1033,02209S103,4:1,"40,000,000.00",NYSE,Common Stock,Quarter,Estados Unidos,Consumer,Tobacco,DTC
5,AGNICO EAGLE MINES LIMITED,AEM,8416,ARDEUT115383,CA0084741085,8474108,6:1,"85,420,200.00",NYSE,Common Stock,Quarter,Canadá,Basic Materials,Metals & Mining,DTC
6,AMERICA MOVIL-SPN ADR,AMX,8268,ARDEUT112646,US02390A1016,02390A101,1:1,"80,000,000.00",NYSE,ADR,Semi-Anl,México,Communications,Wireless Telecommunication Ser,DTC
7,AMERICAN EXPRESS Co.,AXP,8009,ARDEUT110046,US0258161092,25816109,15:1,"9,000,000.00",NYSE,Common Stock,Quarter,Estados Unidos,Financial,Consumer Finance,DTC
8,AMERICAN INTERNATIONAL GROUP INC (AIG),AIG,8069,ARDEUT110640,US0268747849,26874784,5:1,"700,000,000.00",NYSE,Common Stock,Quarter,Estados Unidos,Financial,Insurance,DTC
9,AMGEN INC.,AMGN,8071,ARDEUT110665,US0311621009,31162100,30:1,"50,000,000.00",NASDAQ GS,Common Stock,Quarter,Estados Unidos,Consumer,Biotechnology,DTC
10,ANALOG DEVICES INC.,ADI,8066,ARDEUT110616,US0326541051,32654105,15:1,"2,000,000.00",NASDAQ GS,Common Stock,Quarter,Estados Unidos,Technology,Semiconductors & Semiconductor,DTC
11,APPLE INC.,AAPL,8445,ARDEUT116183,US0378331005,37833100,20:1,"1,799,612,000.00",NASDAQ GS,Common Stock,Quarter,Estados Unidos,Technology,"Technology Hardware, Storage &",DTC
12,APPLIED MATERIALS INC.,AMAT,8070,ARDEUT110657,US0382221051,38222105,5:1,"200,000,000.00",NASDAQ GS,Common Stock,Quarter,Estados Unidos,Technology,Semiconductors & Semiconductor,DTC
13,AT&T INC,T,8177,ARDEUT111713,US00206R1023,00206R102,3:1,"1,000,000,000.00",NYSE,Common Stock,Quarter,Estados Unidos,Communications,Diversified Telecommunication,DTC
14,AUTOMATIC DATA PROCESSING INC,ADP,8073,ARDEUT110681,US0530151036,53015103,6:1,"6,000,000.00",NASDAQ GS,Common Stock,Quarter,Estados Unidos,Consumer,IT Services,DTC
15,AVERY DENNISON CORPORATION,AVY,8075,ARDEUT110707,US0536111091,53611109,18:1,"2,000,000.00",NYSE,Common Stock,Quarter,Estados Unidos,Consumer,Containers & Packaging,DTC
16,AVIS BUDGET GROUP INC.,CAR,8087,ARDEUT110822,US0537741052,53774105,26:1,"2,000,000.00",NASDAQ GS,Common Stock,Irreg,Estados Unidos,Consumer,Road & Rail,DTC
17,ASTRAZENECA PLC - ADR,AZN,8244,ARDEUT112489,US0463531089,46353108,2:1,"700,000,000.00",NASDAQ GS,ADR,Semi-Anl,Reino Unido,Consumer,Pharmaceuticals,DTC
18,BANCO BILBAO VIZCAYA-SP ADR,BBVA,8229,ARDEUT112232,US05946K1016,05946K101,1:1,"1,000,000,000.00",NYSE,ADR,Semi-Anl,España,Financial,Banks,DTC
19,"BANCO BRADESCO, S.A.",BBD,8431,ARDEUT116001,US0594603039,59460303,1:1,"311,553,200.00",NYSE,ADR,Irreg,Brasil,Financial,Banks,DTC
20,BANCO SANTANDER (BRASIL) S.A.,BSBR,8430,ARDEUT115995,US05967A1079,05967A107,1:1,"760,084,000.00",NYSE,ADR,Annual,Brasil,Financial,Banks,DTC
21,BANK OF AMERICA CORPORATION,BAC,8281,ARDEUT112851,US0605051046,60505104,4:1,"1,500,000,000.00",NYSE,Common Stock,Quarter,Estados Unidos,Financial,Banks,DTC
22,BARCLAYS BANK plc ADR,BCS,8183,ARDEUT111770,US06738E2046,6.74E+207,1:1,"1,000,000.00",NYSE,ADR,Semi-Anl,Reino Unido,Financial,Banks,DTC
23,BARRICK GOLD CORP.,GOLD,8260,ARDEUT112562,CA0679011084,67901108,2:1,"100,000,000.00",NYSE,Common Stock,Quarter,Canadá,Basic Materials,Metals & Mining,DTC
24,BASF SE ,BAS GR,8245,ARDEUT112497,DE000BASF111,-,2:1,"200,000,000.00",OTC US,Common Stock,Annual,Alemania,Basic Materials,Chemicals,EUROCLEAR
25,BAYER AG ,BAYN GR,8246,ARDEUT112414,DE000BAY0017,-,3:1,"3,000,000.00",OTC US,Common Stock,Annual,Alemania,Consumer,Pharmaceuticals,EUROCLEAR
26,BHP GROUP LTD,BHP,8295,ARDEUT112992,US0886061086,88606108,2:1,"2,000,000.00",NYSE,ADR,Semi-Anl,Australia,Basic Materials,Metals & Mining,DTC
27,BOEING Co.,BA,8011,ARDEUT110061,US0970231058,97023105,24:1,"30,000,000.00",NYSE,Common Stock,Irreg,Estados Unidos,Industrial,Aerospace & Defense,DTC
28,BP  plc. ADR,BP,8063,ARDEUT110582,US0556221044,55622104,5:1,"8,300,000.00",NYSE,ADR,Quarter,Reino Unido,Energy,"Oil, Gas & Consumable Fuels",DTC
29,BRISTOL MYERS SQUIBB COMPANY,BMY,8283,ARDEUT112877,US1101221083,110122108,3:1,"6,000,000.00",NYSE,Common Stock,Quarter,Estados Unidos,Consumer,Pharmaceuticals,DTC
30,BUNGE GLOBAL SA NPV,BG,8399,ARDEUT115029,CH1300646267,H11356104,5:1,"120,837,000.00",NYSE,Common Stock,Quarter,Estados Unidos,Consumer,Food Products,DTC
31,CARDINAL HEALTH INC,CAH,8084,ARDEUT110798,US14149Y1082,14149Y108,3:1,"80,000,000.00",NYSE,Common Stock,Quarter,Estados Unidos,Consumer,Health Care Providers & Servic,DTC
32,CATERPILLAR Inc.,CAT,8012,ARDEUT110079,US1491231015,149123101,20:1,"15,000,000.00",NYSE,Common Stock,Quarter,Estados Unidos,Industrial,Machinery,DTC
33,CEMEX S.A.B. de C.V. ADR,CX,8227,ARDEUT112216,US1512908898,151290889,1:1,"25,000,000.00",NYSE,ADR,Semi-Anl,México,Industrial,Construction Materials,DTC
34,CHEVRON CORP,CVX,8013,ARDEUT110087,US1667641005,166764100,16:1,"80,000,000.00",NYSE,Common Stock,Quarter,Estados Unidos,Energy,"Oil, Gas & Consumable Fuels",DTC
35,CISCO SYSTEMS  Inc.,CSCO,8014,ARDEUT110095,US17275R1023,17275R102,5:1,"50,000,000.00",NASDAQ GS,Common Stock,Quarter,Estados Unidos,Communications,Communications Equipment,DTC
36,CITIGROUP INCORPORATED,C,8046,ARDEUT110426,US1729674242,172967424,3:1,"55,000,000.00",NYSE,Common Stock,Quarter,Estados Unidos,Financial,Banks,DTC
37,COCA COLA Co.,KO,8006,ARDEUT110111,US1912161007,191216100,5:1,"50,000,000.00",NYSE,Common Stock,Quarter,Estados Unidos,Consumer,Beverages,DTC
38,"COCA-COLA FEMSA, S.A.B DE CV",KOF,8401,ARDEUT115201,US1912411089,191241108,2:1,"10,836,400.00",NYSE,ADR,Semi-Anl,México,Consumer,Beverages,DTC
39,COEUR MINING INC,CDE,8418,ARDEUT115409,US1921085049,192108504,1:1,"110,153,200.00",NYSE,Common Stock,Irreg,Estados Unidos,Basic Materials,Metals & Mining,DTC
40,COLGATE PALMOLIVE COMPANY,CL,8090,ARDEUT110855,US1941621039,194162103,3:1,"170,000,000.00",NYSE,Common Stock,Quarter,Estados Unidos,Consumer,Household Products,DTC
41,VALE S.A.,VALE,8358,ARDEUT113925,US91912E1055,9.19E+109,2:1,"300,000,000.00",NYSE,ADR,Semi-Anl,Brasil,Basic Materials,Metals & Mining,DTC
42,CORNING INCORPORATED,GLW,8105,ARDEUT111002,US2193501051,219350105,4:1,"100,000,000.00",NYSE,Common Stock,Quarter,Estados Unidos,Communications,"Electronic Equipment, Instrume",DTC
43,COSTCO WHOLSALE CORP,COST,8091,ARDEUT110863,US22160K1051,22160k105,48:1,"4,000,000.00",NASDAQ GS,Common Stock,Quarter,Estados Unidos,Consumer,Food & Staples Retailing,DTC
44,MERCEDES-BENZ AG,MBG GR,8188,ARDEUT111820,DE0007100000,DE0007100000,4:1,"2,000,000,000.00",OTC US,Common Stock,Annual,Alemania,Consumer,Automobiles,DTC
45,DEERE & COMPANY,DE,8095,ARDEUT110905,US2441991054,244199105,40:1,"4,000,000.00",NYSE,Common Stock,Quarter,Estados Unidos,Industrial,Machinery,DTC
46,DEUTSCHE TELEKOM AG ADR,DTEA GR,8189,ARDEUT111838,US2515661054,251566105,3:1,"4,000,000,000.00",OTC US,ADR,Annual,Alemania,Communications,Diversified Telecommunication,DTC
47,DIAGEO PLC ADR,DEO,8248,ARDEUT112505,US25243Q2057,25243Q205,6:1,"3,000,000.00",NYSE,ADR,Semi-Anl,Reino Unido,Consumer,Beverages,DTC
48,DISNEY COMMON STOCK,DIS,8017,ARDEUT110137,US2546871060,254687106,12:1,"30,000,000.00",NYSE,Common Stock,Semi-Anl,Estados Unidos,Communications,Entertainment,DTC
49,DUPONT DE NOMOURS INC,DD,8018,ARDEUT110145,US26614N1028,26614N102,5:1,"50,000,000.00",NYSE,Common Stock,Quarter,Estados Unidos,Basic Materials,Chemicals,DTC
50,EBAY INC.,EBAY,8443,ARDEUT116167,US2786421030,278642103,2:1,"5,000,000.00",NASDAQ GS,Common Stock,Quarter,Estados Unidos,Communications,Internet & Direct Marketing Re,DTC
51,E.ON SE,EOAN GR,8216,ARDEUT112109,DE000ENAG999,-,6:1,"500,000,000.00",OTC US,Common Stock,Annual,Alemania,Utilities,Multi-Utilities,EUROCLEAR
52,ELI LILLY AND COMPANY,LLY,8124,ARDEUT111192,US5324571083,532457108,56:1,"2,000,000.00",NYSE,Common Stock,Quarter,Estados Unidos,Consumer,Pharmaceuticals,DTC
53,ENI SPA - ADR,E,8265,ARDEUT112612,US26874R1086,26874R108,4:1,"400,000,000.00",NYSE,ADR,Semi-Anl,Italia,Energy,"Oil, Gas & Consumable Fuels",DTC
54,EXXON MOBIL CORPORATION,XOM,8019,ARDEUT110152,US30231G1022,30231G102,10:1,"50,000,000.00",NYSE,Common Stock,Quarter,Estados Unidos,Energy,"Oil, Gas & Consumable Fuels",DTC
55,"FED. NATL, MORT - FANNIE MAE",FNMA,8102,ARDEUT110970,US3135861090,313586109,1:1,"300,000,000.00",OTC US,Common Stock,Irreg,Estados Unidos,Financial,Thrifts & Mortgage Finance,DTC
56,FEDEX CORP,FDX,8101,ARDEUT110962,US31428X1063,31428X106,10:1,"5,000,000.00",NYSE,Common Stock,Quarter,Estados Unidos,Industrial,Air Freight & Logistics,DTC
57,FIRST SOLAR INC.,FSLR,8439,ARDEUT116126,US3364331070,336433107,18:1,"500,000.00",NASDAQ GS,Common Stock,None,Estados Unidos,Energy,Semiconductors & Semiconductor,DTC
58,FOMENTO ECONOMICO MEXICANO - FEMSA ADR,FMX,8191,ARDEUT111853,US3444191064,344419106,6:1,"2,000,000.00",NYSE,ADR,Semi-Anl,México,Consumer,Beverages,DTC
59,ORANGE**,ORANY,8192,ARDEUT111861,US6840601065,684060106,1:1,"500,000.00",OTC US,ADR,Semi-Anl,Francia,Communications,Diversified Telecommunication,DTC
60,FREDDIE MAC (FEDERAL HOME LOAN MORTGAGE CORP.),FMCC,8238,ARDEUT112323,US3134003017,313400301,1:1,"500,000,000.00",OTC US,Common Stock,Irreg,Estados Unidos,Financial,Thrifts & Mortgage Finance,DTC
61,FREEPORT MCMORAN INC.,FCX,8434,ARDEUT116076,US35671D8570,35671D857,3:1,"2,000,000.00",NYSE,Common Stock,Quarter,Estados Unidos,Basic Materials,Metals & Mining,DTC
62,GE AEROSPACE.,GE,8020,ARDEUT110160,US3696043013,369604301,8:1,"10,000,000.00",NYSE,Common Stock,Quarter,Estados Unidos,Industrial,Industrial Conglomerates,DTC
63,GSK plc,GSK,8052,ARDEUT110483,US37733W2044,37733W20,4:1,"20,000,000.00",NYSE,ADR,Quarter,Reino Unido,Consumer,Pharmaceuticals,DTC
64,GOLD FIELDS LTD.,GFI,8420,ARDEUT115425,US38059T1060,38059T106,1:1,"130,497,400.00",NYSE,ADR,Semi-Anl,Sudáfrica,Basic Materials,Metals & Mining,DTC
65,"Alphabet Inc. CL  ""A""",GOOGL,8442,ARDEUT116159,US02079K3059,02079K305,58:1,"99,945,948.00",NASDAQ GS,Common Stock,None,Estados Unidos,Communications,Interactive Media & Services,DTC
66,"GRUPO AEROPORTUARIO DEL PACIFICO, S.A.B. de C.V.",PAC,8405,ARDEUT115177,US4005061019,400506101,16:1,"2,000,000.00",NYSE,ADR,Semi-Anl,México,Industrial,Transportation Infrastructure,DTC
67,"GRUPO AEROPORTUARIO DEL SURESTE , S.A.B. de C.V.",ASR,8406,ARDEUT115185,US40051E2028,4.01E+206,20:1,"2,000,000.00",NYSE,ADR,Annual,México,Industrial,Transportation Infrastructure,DTC
68,GRUPO TELEVISA S.A. ADR,TV,8219,ARDEUT112133,US40049J2069,40049J206,3:1,"5,000,000,000.00",NYSE,ADR,Annual,México,Communications,Media,DTC
69,DANONE,BSN GR,8053,ARDEUT110491,FR0000120644,12064,20:1,"200,000,000.00",OTC US,Common Stock,Annual,Francia,Consumer,Food Products,EUROCLEAR
70,HARLEY DAVIDSON INC.,HOG,8111,ARDEUT111069,US4128221086,412822108,3:1,"40,000,000.00",NYSE,Common Stock,Quarter,Estados Unidos,Consumer,Automobiles,DTC
71,HARMONY GOLD MINING COMPANY LTD.,HMY,8421,ARDEUT115433,US4132163001,413216300,1:1,"80,049,200.00",NYSE,ADR,Irreg,Sudáfrica,Basic Materials,Metals & Mining,DTC
72,HDFC BANK LIMITED,HDB,8368,ARDEUT114022,US40415F1012,40415F101,2:1,"41,700,000.00",NYSE,ADR,Annual,India,Financial,Banks,DTC
73,HECLA MINING CO,HL,8419,ARDEUT115417,US4227041062,422704106,1:1,"24,133,800.00",NYSE,Common Stock,Quarter,Estados Unidos,Basic Materials,Metals & Mining,DTC
74,HP Inc,HPQ,8023,ARDEUT110194,US40434L1052,40434L105,1:1,"500,000.00",NYSE,Common Stock,Quarter,Estados Unidos,Technology,"Technology Hardware, Storage &",DTC
75,HONDA MOTOR  CO. LTD,HMC,8291,ARDEUT112950,US4381283088,438128308,1:1,"400,000,000.00",NYSE,ADR,Quarter,Japón,Consumer,Automobiles,DTC
76,HON HAI PRECISION INDUSTRY CO. LTD.,HHPD LI,8412,ARDEUT115342,US4380908057,438090805,2:1,"1,258,153,200.00",OTC US,ADR,Annual,Taiwan,Industrial,"Electronic Equipment, Instrume",DTC
77,HONEYWELL INTERNATIONAL INC. (ex Allied S.),HON,8008,ARDEUT110038,US4385161066,438516106,8:1,"10,000,000.00",NASDAQ GS,Common Stock,Quarter,Estados Unidos,Industrial,Industrial Conglomerates,DTC
78,HSBC HOLDINGS plc ADR,HSBC,8231,ARDEUT112257,US4042804066,404280406,2:1,"300,000,000.00",NYSE,ADR,Irreg,Reino Unido,Financial,Banks,DTC
79,IBM Corp.,IBM,8024,ARDEUT110202,US4592001014,459200101,15:1,"9,000,000.00",NYSE,Common Stock,Quarter,Estados Unidos,Technology,IT Services,DTC
80,ICICI BANK LTD,IBN,8370,ARDEUT114048,US45104G1040,45104G104,1:1,"88,930,000.00",NYSE,ADR,Annual,India,Financial,Banks,DTC
81,INFOSYS LIMITED,INFY,8360,ARDEUT113941,US4567881085,456788108,1:1,"500,000.00",NYSE,ADR,Semi-Anl,India,Technology,IT Services,DTC
82,ING Group NV ADR,ING,8199,ARDEUT111937,US4568371037,456837103,3:1,"1,400,000,000.00",NYSE,ADR,Semi-Anl,Paises Bajos,Financial,Banks,DTC
83,INTEL  Corporation,INTC,8025,ARDEUT110210,US4581401001,458140100,5:1,"50,000,000.00",NASDAQ GS,Common Stock,Quarter,Estados Unidos,Technology,Semiconductors & Semiconductor,DTC
84,INTERNATIONAL FLAVORS & FRAGRANCE INC.,IFF,8118,ARDEUT111135,US4595061015,459506101,12:1,"2,000,000.00",NYSE,Common Stock,Quarter,Estados Unidos,Basic Materials,Chemicals,DTC
85,INTERNATIONAL PAPER Co.,IP,8026,ARDEUT110228,US4601461035,460146103,4:1,"40,000,000.00",NYSE,Common Stock,Quarter,Estados Unidos,Basic Materials,Containers & Packaging,DTC
86,J.P. MORGAN & CHASE Co.,JPM,8028,ARDEUT110244,US46625H1005,46625H100,15:1,"9,000,000.00",NYSE,Common Stock,Quarter,Estados Unidos,Financial,Banks,DTC
87,JOHNSON & JOHNSON,JNJ,8027,ARDEUT110236,US4781601046,478160104,15:1,"30,000,000.00",NYSE,Common Stock,Quarter,Estados Unidos,Consumer,Pharmaceuticals,DTC
88,KIMBERLY CLARK CORPORATION,KMB,8122,ARDEUT111176,US4943681035,494368103,6:1,"1,998,000.00",NYSE,Common Stock,Quarter,Estados Unidos,Consumer,Household Products,DTC
89,KINROSS GOLD CORP.,KGC,8417,ARDEUT115391,CA4969024047,496902404,1:1,"122,385,000.00",NYSE,Common Stock,Quarter,Canadá,Basic Materials,Metals & Mining,DTC
90,KB FINANCIAL GROUP INC.,KB,8410,ARDEUT115268,US48241A1051,48241A105,2:1,"134,551,600.00",NYSE,ADR,Annual,Corea del Sur,Financial,Banks,DTC
91,KOREA ELECTRIC POWER CORP.,KEP,8409,ARDEUT115250,US5006311063,500631106,1:1,"256,627,000.00",NYSE,ADR,Annual,Corea del Sur,Utilities,Electric Utilities,DTC
92,LAS VEGAS SANDS CORP.,LVS,8436,ARDEUT116092,US5178341070,517834107,2:1,"50,000,000.00",NYSE,Common Stock,Irreg,Estados Unidos,Consumer,"Hotels, Restaurants & Leisure",DTC
93,LLOYDS BANKING GROUP plc.,LYG,8250,ARDEUT112513,US5394391099,539439109,2:1,"150,000,000.00",NYSE,ADR,Quarter,Reino Unido,Financial,Banks,DTC
94,LM ERICSSON TELEPHONE Co. ADR,ERIC,8056,ARDEUT110525,US2948216088,294821608,2:1,"20,000,000.00",NASDAQ GS,ADR,Semi-Anl,SW,Communications,Communications Equipment,DTC
95,LOCKHEED MARTIN CORPORATION,LMT,8125,ARDEUT111200,US5398301094,539830109,20:1,"10,000,000.00",NYSE,Common Stock,Quarter,Estados Unidos,Industrial,Aerospace & Defense,DTC
96,"MARSH & MCLENNAN COMPANIES, INC.",MMC,8135,ARDEUT111309,US5717481023,571748102,16:1,"4,000,000.00",NYSE,Common Stock,Quarter,Estados Unidos,Financial,Insurance,DTC
97,Mc DONALD'S Corp.,MCD,8030,ARDEUT110269,US5801351017,580135101,24:1,"20,000,000.00",NYSE,Common Stock,Quarter,Estados Unidos,Consumer,"Hotels, Restaurants & Leisure",DTC
98,MEDTRONIC PLC,MDT,8133,ARDEUT111283,IE00BTN1Y115,-,4:1,"4,000,000.00",NYSE,Common Stock,Quarter,Irlanda,Consumer,Health Care Equipment & Suppli,DTC
99,MERCADOLIBRE INC.,MELI,8444,ARDEUT116175,US58733R1023,58733R102,120:1,"84,000,000.00",NASDAQ GS,Common Stock,Irreg,UR,Communications,Internet & Direct Marketing Re,DTC
100,MERCK & Co. Inc.,MRK,8031,ARDEUT110277,US58933Y1055,58933Y105,5:1,"9,000,000.00",NYSE,Common Stock,Quarter,Estados Unidos,Consumer,Pharmaceuticals,DTC
101,MICROSOFT CORPORATION,MSFT,8032,ARDEUT110285,US5949181045,594918104,30:1,"70,000,000.00",NASDAQ GS,Common Stock,Quarter,Estados Unidos,Technology,Software,DTC
102,3M COMPANY,MMM,8033,ARDEUT110293,US88579Y1010,88579Y101,10:1,"50,000,000.00",NYSE,Common Stock,Quarter,Estados Unidos,Industrial,Industrial Conglomerates,DTC
103,MITSUBISHI UFJ FINANCIAL GROUP,MUFG,8182,ARDEUT111762,US6068221042,606822104,1:1,"2,000,000,000.00",NYSE,ADR,Semi-Anl,Japón,Financial,Banks,DTC
104,MIZUHO FINANCIAL GROUP,MFG,8395,ARDEUT114733,US60687Y1091,60687Y109,1:1,"1,161,115,400.00",NYSE,ADR,Semi-Anl,Japón,Financial,Banks,DTC
105,MOBILE TELESYSTEMS***,MBT,8372,ARDEUT114063,US6074091090,607409109,2:1,"159,460,000.00",NYSE,ADR,Semi-Anl,Rusia,Communications,Wireless Telecommunication Ser,DTC
106,MOTOROLA SOLUTIONS Inc.,MSI,8034,ARDEUT110301,US6200763075,620076307,20:1,"2,000,000.00",NYSE,Common Stock,Quarter,Estados Unidos,Communications,Communications Equipment,DTC
107,NATIONAL GRID PLC-SP  ADR,NGG,8266,ARDEUT112620,US6362744095,636274409,2:1,"240,000,000.00",NYSE,ADR,Semi-Anl,Reino Unido,Utilities,Multi-Utilities,DTC
108,NEC CORPORATION,NEC1 GR,8304,ARDEUT113081,JP3733000008,-,1:3,"150,000,000.00",OTC US,Common Stock,Semi-Anl,Japón,Technology,IT Services,EUROCLEAR
109,NEWMONT  CORPORATION ,NEM,8261,ARDEUT112570,US6516391066,651639106,3:1,"3,000,000.00",NYSE,Common Stock,Quarter,Estados Unidos,Basic Materials,Metals & Mining,DTC
110,NIKE Inc.,NKE,8139,ARDEUT111341,US6541061031,654106103,12:1,"8,000,000.00",NYSE,Common Stock,Quarter,Estados Unidos,Consumer,"Textiles, Apparel & Luxury Goo",DTC
111,NISSAN MOTOR CO. ,NSANY,8299,ARDEUT113032,US6547444082,654744408,1:1,"450,000,000.00",OTC US,ADR,Semi-Anl,Japón,Consumer,Automobiles,DTC
112,NOKIA CORPORATION ADR,NOK,8057,ARDEUT110533,US6549022043,654902204,1:1,"50,000,000.00",NYSE,ADR,Quarter,Finlandia,Communications,Communications Equipment,DTC
113,NOMURA HOLDINGS INC.,NMR,8298,ARDEUT113024,US65535H2085,65535H208,1:1,"400,000,000.00",NYSE,ADR,Semi-Anl,Japón,Financial,Capital Markets,DTC
114,NOVARTIS AG - ADR,NVS,8251,ARDEUT112521,US66987V1098,66987V109,4:1,"20,000,000.00",NYSE,ADR,Annual,Suiza,Consumer,Pharmaceuticals,DTC
115,NUCOR CORPORATION,NUE,8140,ARDEUT111358,US6703461052,670346105,16:1,"2,000,000.00",NYSE,Common Stock,Quarter,Estados Unidos,Basic Materials,Metals & Mining,DTC
116,GAZPROM PJSC***,OGZD,8379,ARDEUT114261,US3682872078,368287207,2:1,"2,367,350,000.00",OTC US,ADR,Annual,Rusia,Energy,"Oil, Gas & Consumable Fuels",DTC
117,LUKOIL PJSC**,LKOD,8378,ARDEUT114253,US69343P1057,677862104,4:1,"680,450,000.00",OTC US,ADR,Semi-Anl,Rusia,Energy,"Oil, Gas & Consumable Fuels",DTC
118,TATNEFT PAO**,ATAD,8374,ARDEUT114089,US8766292051,876629205,4:1,"87,140,000.00",OTC US,ADR,Irreg,Rusia,Energy,"Oil, Gas & Consumable Fuels",DTC
119,NOVOLIPETSK STEEL PJSC**,NLMK LI,8398,ARDEUT114725,US67011E2046,6.70E+208,2.1,"239,720,000.00",London Intl,ADR,Quarter,Rusia,Basic Materials,Metals & Mining,DTC
120,ORACLE CORPORATION,ORCL,8142,ARDEUT111374,US68389X1054,68389X105,3.1,"400,000,000.00",NYSE,Common Stock,Quarter,Estados Unidos,Technology,Software,DTC
121,PACCAR INC,PCAR,8144,ARDEUT111390,US6937181088,693718108,3:1,"20,000,000.00",NASDAQ GS,Common Stock,Quarter,Estados Unidos,Consumer,Machinery,DTC
122,PEARSON PLC.,PSO,8362,ARDEUT113966,US7050151056,705015105,1:1,"159,200,000.00",NYSE,ADR,Semi-Anl,Reino Unido,Communications,Media,DTC
123,PEPSICO INC,PEP,8146,ARDEUT111416,US7134481081,713448108,18:1,"24,000,000.00",NASDAQ GS,Common Stock,Quarter,Estados Unidos,Consumer,Beverages,DTC
124,PFIZER INC,PFE,8147,ARDEUT111424,US7170811035,717081103,4:1,"800,000,000.00",NYSE,Common Stock,Quarter,Estados Unidos,Consumer,Pharmaceuticals,DTC
125,KONINKLIJKE PHILIPS N.V,PHG,8059,ARDEUT110558,US5004723038,500472303,5:1,"50,000,000.00",NYSE,ADR,Annual,Paises Bajos,Consumer,Health Care Equipment & Suppli,DTC
126,PITNEY BOWES INC,PBI,8143,ARDEUT111382,US7244791007,724479100,1:1,"500,000.00",NYSE,Common Stock,Quarter,Estados Unidos,Technology,Commercial Services & Supplies,DTC
127,POSCO HOLDINGS INC,PKX,8411,ARDEUT115276,US6934831099,693483109,3:1,"500,000.00",NYSE,ADR,Quarter,Corea del Sur,Basic Materials,Metals & Mining,DTC
128,PROCTER & GAMBLE Co.,PG,8037,ARDEUT110335,US7427181091,742718109,15:1,"50,000,000.00",NYSE,Common Stock,Quarter,Estados Unidos,Consumer,Household Products,DTC
129,QUALCOMM INCORPORATED,QCOM,8151,ARDEUT111457,US7475251036,747525103,11:1,"200,000,000.00",NASDAQ GS,Common Stock,Quarter,Estados Unidos,Technology,Semiconductors & Semiconductor,DTC
130,BLACKBERRY LIMITED,BB,8441,ARDEUT116142,CA09228F1036,09228F103,3:1,"333,601,800.00",NYSE,Common Stock,None,Canadá,Technology,Software,DTC
131,RIO TINTO PLC - ADR,RIO,8267,ARDEUT112638,US7672041008,767204100,8:1,"200,000,000.00",NYSE,ADR,Semi-Anl,Reino Unido,Basic Materials,Metals & Mining,DTC
132,SHELL PLC,SHEL,8255,ARDEUT112547,US7802593050,780259305,2:1,"100,000,000.00",NYSE,ADR,Quarter,GB,Energy,"Oil, Gas & Consumable Fuels",DTC
133,SAMSUNG ELECTRONICS CO. LTD.,SMSN LI,8413,ARDEUT115359,US7960508882,796050888,14:1,"824,877,200.00",OTC US,ADR,Quarter,Corea del Sur,Technology,"Technology Hardware, Storage &",DTC
134,SAP SE,SAP,8209,ARDEUT112034,US8030542042,803054204,6:1,"2,400,000.00",NYSE,ADR,Annual,Alemania,Technology,Software,DTC
135,SCHLUMBERGER LIMITED,SLB,8157,ARDEUT111515,AN8068571086,806857108,3:1,"150,000,000.00",NYSE,Common Stock,Quarter,Estados Unidos,Energy,Energy Equipment & Services,DTC
136,SIEMENS AG ADR,SIEGY,8256,ARDEUT112372,US8261975010,826197501,3:1,"550,000,000.00",OTC US,ADR,Annual,Alemania,Industrial,Industrial Conglomerates,DTC
137,SNAP-ON INCORPORATED,SNA,8160,ARDEUT111549,US8330341012,833034101,6:1,"4,200,000.00",NYSE,Common Stock,Quarter,Estados Unidos,Industrial,Machinery,DTC
138,SONY GROUP CORPORATION,SONY,8294,ARDEUT112984,US8356993076,835699307,8:1,"10,000,000.00",NYSE,ADR,Semi-Anl,Japón,Consumer,Household Durables,DTC
139,SOUTHERN COPPER CORP.,SCCO,8435,ARDEUT116084,US84265V1052,84265V105,2:1,"340,000,000.00",NYSE,Common Stock,Quarter,Perú,Basic Materials,Metals & Mining,DTC
140,STARBUCKS CORPORATION,SBUX,8154,ARDEUT111481,US8552441094,855244109,12:1,"10,000,000.00",NASDAQ GS,Common Stock,Quarter,Estados Unidos,Consumer,"Hotels, Restaurants & Leisure",DTC
141,SYSCO CORPORATION,SYY,8165,ARDEUT111598,US8718291078,871829107,8:1,"2,000,000.00",NYSE,Common Stock,Quarter,Estados Unidos,Consumer,Food & Staples Retailing,DTC
142,TAIWAN SEMICONDUCTOR MANUFACTURING,TSM,8297,ARDEUT113016,US8740391003,874039100,9:1,"15,000,000.00",NYSE,ADR,Quarter,Taiwán,Technology,Semiconductors & Semiconductor,DTC
143,TELECOM ITALIA SPA ADR,TIIAY,8211,ARDEUT112059,US87927Y1029,87927Y102,1:1,"500,000.00",OTC US,ADR,Irreg,Italia,Communications,Diversified Telecommunication,DTC
144,TELEFONICA S.A. ADR,TEF,8062,ARDEUT110574,US8793822086,879382208,8:1,"26,600,000.00",NYSE,ADR,Semi-Anl,España,Communications,Diversified Telecommunication,DTC
145,TERNIUM S.A.,TX,8432,ARDEUT116019,US8808901081,880890108,4:1,"80,189,600.00",NYSE,ADR,Annual,Luxemburgo,Basic Materials,Metals & Mining,DTC
146,TEXAS INSTRUMENTS INCORPORATED,TXN,8168,ARDEUT111622,US8825081040,882508104,5:1,"400,000,000.00",NASDAQ GS,Common Stock,Quarter,Estados Unidos,Technology,Semiconductors & Semiconductor,DTC
147,BANK OF NEW YORK MELLON CORP,BK,8080,ARDEUT110756,US0640581007,64058100,2:1,"200,000,000.00",NYSE,Common Stock,Quarter,Estados Unidos,Financial,Capital Markets,DTC
148,THE HERSHEY COMPANY,HSY,8117,ARDEUT111127,US4278661081,427866108,21:1,"2,000,000.00",NYSE,Common Stock,Quarter,Estados Unidos,Consumer,Food Products,DTC
149,HOME DEPOT INC.,HD,8176,ARDEUT111705,US4370761029,437076102,32:1,"30,000,000.00",NYSE,Common Stock,Quarter,Estados Unidos,"Consumer, Cyclical",Electric Utilities,DTC
150,TotalEnergies SE - ADR,TTE,8213,ARDEUT112075,US89151E1091,8.92E+113,3:1,"4,000,000,000.00",NYSE,ADR,Quarter,Francia,Energy,"Oil, Gas & Consumable Fuels",DTC
151,TOYOTA MOTOR CORPORATION ADR,TM,8214,ARDEUT112083,US8923313071,892331307,15:1,"200,000,000,000.00",NYSE,ADR,Semi-Anl,Japón,Consumer,Automobiles,DTC
152,"The Travelers Companies, Inc.",TRV,8437,ARDEUT116100,US89417E1091,8.94E+113,6:1,"24,000,000.00",NYSE,Common Stock,Quarter,Estados Unidos,Financial,Insurance,DTC
153,JOHNSON CONTROLS INTERNATIONAL,JCI,8169,ARDEUT111630,IE00BY7QL619,-,2:1,"500,000.00",NYSE,Common Stock,Quarter,Estados Unidos,Industrial,Building Products,DTC
154,U.S. BANCORP,USB,8287,ARDEUT112919,US9029733048,902973304,5:1,"2,000,000.00",NYSE,Common Stock,Quarter,Estados Unidos,Financial,Banks,DTC
155,UNILEVER PLC-SPONSORED ADR,UL,8215,ARDEUT112091,US9047677045,904767704,3:1,"800,000,000.00",NYSE,ADR,Quarter,Reino Unido,Consumer,Personal Products,DTC
156,UNITED STATES STEEL CORP.,X,8433,ARDEUT116068,US9129091081,912909108,3:1,"86,010,000.00",NYSE,Common Stock,Quarter,Estados Unidos,Basic Materials,Metals & Mining,DTC
157,RTX CORPORATION,RTX,8042,ARDEUT110384,US75513E1010,7.55E+105,5:1,"50,000,000.00",NYSE,Common Stock,Quarter,Estados Unidos,Industrial,Aerospace & Defense,DTC
158,VERIZON COMMUNICATIONS INC.,VZ,8288,ARDEUT112927,US92343V1044,92343V104,4:1,"1,000,000,000.00",NYSE,Common Stock,Quarter,Estados Unidos,Communications,Diversified Telecommunication,DTC
159,VODAFONE GROUP plc. ADR,VOD,8064,ARDEUT110590,US92857W3088,92857W308,1:1,"1,000,000.00",NASDAQ GS,ADR,Semi-Anl,Reino Unido,Communications,Wireless Telecommunication Ser,DTC
160,WALMART Inc.,WMT,8044,ARDEUT110400,US9311421039,931142103,18:1,"108,000,000.00",NYSE,Common Stock,Quarter,Estados Unidos,Consumer,Food & Staples Retailing,DTC
161,WELLS FARGO & COMPANY,WFC,8047,ARDEUT110434,US9497461015,949746101,5:1,"20,000,000.00",NYSE,Common Stock,Quarter,Estados Unidos,Financial,Banks,DTC
162,ALTABA INC***,AABA,8110,ARDEUT111051,US0213461017,21346101,3:1,"1,000,000.00",N/A,Common Stock,None,US,Financial,Closed-end Funds,#N/A
163,YANKUANG ENERGY GROUP CO. LTD.,YZCAY,8397,ARDEUT114758,US9848461052,984846105,2:1,"15,660,000.00",OTC US,ADR,Annual,China,Energy,"Oil, Gas & Consumable Fuels",DTC
164,META PLATFORMS INC.,META,8467,ARBCOM460168,US30303M1027,30303M102,24:1,"16,000,000.00",NASDAQ GS,Common Stock,None,Estados Unidos,Communications,Interactive Media & Services,DTC
165,"AMAZON.COM, INC.",AMZN,8468,ARBCOM460176,US0231351067,23135106,144 : 1,"974,838,400.00",NASDAQ GS,Common Stock,None,Estados Unidos,Communications,Internet & Direct Marketing Re,DTC
166,NVIDIA CORPORATION,NVDA,8469,ARBCOM460184,US67066G1040,67066G104,24 : 1,"49,920,000.00",NASDAQ GS,Common Stock,Quarter,Estados Unidos,Technology,Semiconductors & Semiconductor,DTC
167,ADOBE SYSTEMS INCORPORATED,ADBE,8470,ARBCOM460192,US00724F1012,00724F101,44:1,"1,999,998.00",NASDAQ GS,Common Stock,Irreg,Estados Unidos,Technology,Software,DTC
168,BIOGEN INC.,BIIB,8471,ARBCOM4601A8,US09062X1037,09062X103,13 : 1,"2,000,000.00",NASDAQ GS,Common Stock,None,Estados Unidos,Consumer,Biotechnology,DTC
169,"GILEAD SCIENCES, INC.",GILD,8473,ARBCOM4601C4,US3755581036,375558103,4 : 1,"2,000,000.00",NASDAQ GS,Common Stock,Quarter,Estados Unidos,Consumer,Biotechnology,DTC
170,"NETFLIX, INC.",NFLX,8474,ARBCOM4601D2,US64110L1061,64110L106,48:1,"2,000,000.00",NASDAQ GS,Common Stock,None,Estados Unidos,Communications,Entertainment,DTC
171,THERMO FISHER SCIENTIFIC INC.,TMO,8476,ARBCOM4601F7,US8835561023,883556102,22 : 1,"1,999,998.00",NYSE,Common Stock,Quarter,Estados Unidos,Consumer,Life Sciences Tools & Services,DTC
172,"PAYPAL HOLDINGS, INC.",PYPL,8477,ARBCOM4601S0,US70450Y1038,70450Y103,8 : 1,"2,000,000.00",NASDAQ GS,Common Stock,None,Estados Unidos,Consumer,IT Services,DTC
173,SALESFORCE INC.,CRM,8478,ARBCOM4601J9,US79466L3024,79466L302,18:1,"16,000,000.00",NYSE,Common Stock,None,Estados Unidos,Technology,Software,DTC
174,"TESLA, INC.",TSLA,8479,ARBCOM4601K7,US88160R1014,88160R101,15 : 1,"9,000,000.00",NASDAQ GS,Common Stock,None,Estados Unidos,Consumer,Automobiles,DTC
175,"ADVANCED MICRO DEVICES, INC.",AMD,8481,ARBCOM4601M3,US0079031078,7903107,10:1,"10,000,000.00",NASDAQ GS,Common Stock,None,Estados Unidos,Technology,Semiconductors & Semiconductor,DTC
176,NOVAGOLD RESOURCES INC.,NG,8482,ARBCOM4601N1,CA66987E2069,6.70E+210,1 :4,"2,000,000.00",NYSEAmerican,Common Stock,None,Canadá,Basic Materials,Metals & Mining,DTC
177,"TRIPADVISOR, INC. ",TRIP,8483,ARBCOM4601O9,US8969452015,896945201,2 : 1,"2,000,000.00",NASDAQ GS,Common Stock,None,Estados Unidos,Communications,Interactive Media & Services,DTC
178,ABERCROMBIE & FITCH CO.,ANF,8484,ARBCOM4601P6,US0028962076,2896207,1 : 1,"2,000,000.00",NYSE,Common Stock,Irreg,Estados Unidos,Consumer,Specialty Retail,DTC
179,"URBAN OUTFITTERS, INC.",URBN,8485,ARBCOM4601Q4,US9170471026,917047102,2 : 1,"2,000,000.00",NASDAQ GS,Common Stock,None,Estados Unidos,Consumer,Specialty Retail,DTC
180,GARMIN LTD.,GRMN,8487,ARBCOM4601G5,CH0114405324,H2906T109,3 : 1,"2,000,000.00",NYSE,Common Stock,Quarter,Suiza,Industrial,Household Durables,DTC
181,SNAP INC.,SNAP,8488,ARBCOM4601H3,US83304A1060,83304A106,1 :1,"2,000,000.00",NYSE,Common Stock,None,Estados Unidos,Communications,Interactive Media & Services,DTC
182,"VERISIGN, INC.",VRSN,8489,ARBCOM4600U8,US92343E1029,9.23E+106,6 : 1,"2,000,000.00",NASDAQ GS,Common Stock,None,Estados Unidos,Communications,IT Services,DTC
183,XEROX HOLDING CORPORATION,XRX,8490,ARBCOM4600W4,US98421M1062,98421M106,1 : 1,"2,000,000.00",NASDAQ GS,Common Stock,Quarter,Estados Unidos,Technology,"Technology Hardware, Storage &",DTC
184,YELP INC.,YELP,8491,ARBCOM4600Y0,US9858171054,985817105,2 : 1,"2,000,000.00",NYSE,Common Stock,None,Estados Unidos,Communications,Interactive Media & Services,DTC
185,"ROSS STORES, INC.",ROST,8492,ARBCOM4600Z7,US7782961038,778296103,4 : 1,"2,000,000.00",NASDAQ GS,Common Stock,Quarter,Estados Unidos,Consumer,Specialty Retail,DTC
186,TARGET CORPORATION,TGT,8493,ARBCOM460101,US87612E1064,8.76E+110,24:1,"2,000,000.00",NYSE,Common Stock,Quarter,Estados Unidos,Consumer,Multiline Retail,DTC
187,"THE GOLDMAN SACHS GROUP, INC",GS,8494,ARBCOM460119,US38141G1040,38141G104,13 : 1,"2,000,000.00",NYSE,Common Stock,Quarter,Estados Unidos,Financial,Capital Markets,DTC
188,VISA INC,V,8495,ARBCOM460127,US92826C8394,92826C839,18:1,"20,000,000.00",NYSE,Common Stock,Quarter,Estados Unidos,Financial,IT Services,DTC
189,ARCOS DORADOS HOLDINGS INC.,ARCO,8496,ARBCOM460135,VGG0457F1071,G0457F107,1 :2,"2,000,000.00",NYSE,Common Stock,3x a yr,Uruguay,Consumer,"Hotels, Restaurants & Leisure",DTC
190,"DESPEGAR.COM, CORP.",DESP,8497,ARBCOM4600X2,VGG273581030,G27358103,1 : 1,"2,000,000.00",NYSE,Common Stock,None,Argentina,Communications,"Hotels, Restaurants & Leisure",DTC
191,ADECOAGRO S.A.,AGRO,8498,ARBCOM460143,LU0584671464,L00849106,1:1,"2,000,000.00",NYSE,Common Stock,None,Argentina,Consumer,Food Products,DTC
192,GLOBANT S.A.,GLOB,8499,ARBCOM460150,LU0974299876,L44385109,18:1,"30,000,000.00",NYSE,Common Stock,None,Uruguay,Technology,IT Services,DTC
193,ALIBABA GROUP HOLDING LIMITED*,BABA,8523,ARBCOM4601T8,US01609W1027,01609W102,9 : 1,"6,280,000.00",NYSE,ADR,None,China,Communications,Internet & Direct Marketing Re,DTC
194,"BAIDU, INC. ",BIDU,8501,ARBCOM4601U6,US0567521085,56752108,11 : 1,"2,000,000.00",NASDAQ GS,ADR,None,China,Communications,Interactive Media & Services,DTC
195,AMBEV S.A.,ABEV,8502,ARBCOM4601V4,US02319V1035,02319V103,1 :3,"2,000,000.00",NYSE,ADR,Semi-Anl,Brasil,Consumer,Beverages,DTC
196,TELEFÔNICA BRASIL S.A.,VIV,8503,ARBCOM4601W2,US87936R2058,87936R205,1 :1,"2,000,000.00",NYSE,ADR,Semi-Anl,Brasil,Communications,Diversified Telecommunication,DTC
197,"JD.COM, INC.",JD,8505,ARBCOM4601Y8,US47215P1066,47215P106,4:1,"2,000,000.00",NASDAQ GS,ADR,None,China,Communications,Internet & Direct Marketing Re,DTC
198,"NETEASE, INC.",NTES,8506,ARBCOM4601Z5,US64110W1027,64110W102,14 : 1,"2,000,000.00",NASDAQ GS,ADR,Quarter,China,Technology,Entertainment,DTC
199,TRIP.COM Group Ltd.,TCOM,8507,ARBCOM460226,US89677Q1076,89677Q107,2 : 1,"2,000,000.00",NASDAQ GS,ADR,Annual,China,Communications,Internet & Direct Marketing Re,DTC
200,JOYY Inc. ,YY,8508,ARBCOM460242,US46591M1099,46591M109,5 : 1,"2,000,000.00",NASDAQ GS,ADR,Quarter,China,Communications,Interactive Media & Services,DTC
201,GERDAU S.A.,GGB,8509,ARBCOM460200,US3737371050,373737105,1 :4,"2,000,000.00",NYSE,ADR,Quarter,Brasil,Basic Materials,Metals & Mining,DTC
202,BRF S.A.,BRFS,8510,ARBCOM460218,US10552T1079,10552T107,1 :3,"2,000,000.00",NYSE,ADR,Irreg,Brasil,Consumer,Food Products,DTC
203,COMPANHIA BRASILEIRA DE DISTRIBUIÇÃO**,CBD,8511,ARBCOM460234,US20440T3005,20440T300,1 :1,"2,000,000.00",OTC US,ADR,Annual,Brasil,Consumer,Food & Staples Retailing,DTC
204,COMPANHIA DE SANEAMENTO BÁSICO DO ESTADO DE SÃO PAULO–SABESP,SBS,8512,ARBCOM4602F5,US20441A1025,20441A102,1 :2,"2,000,000.00",NYSE,ADR,Irreg,Brasil,Utilities,Water Utilities,DTC
205,WEIBO CORPORATION,WB,8513,ARBCOM460259,US9485961018,948596101,6:1,"2,000,000.00",NASDAQ GS,ADR,None,China,Communications,Interactive Media & Services,DTC
206,ITAÚ UNIBANCO HOLDING S.A.,ITUB,8514,ARBCOM460267,US4655621062,465562106,1 :1,"2,000,000.00",NYSE,ADR,Monthly,Brasil,Financial,Banks,DTC
207,EMBRAER-EMPRESA BRASILEIRA DE AERONÁUTICA S.A.,ERJ,8515,ARBCOM460291,US29082A1079,29082A107,1 :1,"2,000,000.00",NYSE,ADR,Irreg,Brasil,Industrial,Aerospace & Defense,DTC
208,ULTRAPAR PARTICIPAÇÕES S.A.,UGP,8516,ARBCOM4602C2,US90400P1012,90400P101,1 :1,"2,000,000.00",NYSE,ADR,Semi-Anl,Brasil,Energy,"Oil, Gas & Consumable Fuels",DTC
209,SUZANO SA,SUZ,8518,ARBCOM4602E8,US86959K1051,86959K105,1 :1,"2,000,000.00",NYSE,ADR,Irreg,Brasil,Basic Materials,Paper & Forest Products,DTC
210,CENTRAIS ELÉTRICAS BRASILEIRAS S.A. - ELETROBRÁS,EBR,8519,ARBCOM4602G3,US15234Q2075,15234Q207,1 :4,"2,000,000.00",NYSE,ADR,Annual,Brasil,Utilities,Electric Utilities,DTC
211,COMPANHIA PARANAENSE DE ENERGIA-COPEL - PREF,ELP,8520,ARBCOM460283,US20441B6056,20441B605,1 :3,"2,000,000.00",NYSE,ADR,Irreg,Brasil,Utilities,Electric Utilities,DTC
212,TIM PARTICIPAÇÕES S.A.,TIMB,8521,ARBCOM4602A6,US88706T1088,88706T108,1 :1,"2,000,000.00",NYSE,ADR,Annual,Brasil,Communications,Wireless Telecommunication Ser,DTC
213,COMPANHIA SIDERÚRGICA NACIONAL,SID,8522,ARBCOM4602B4,US20440W1053,20440W105,1 :8,"2,000,000.00",NYSE,ADR,Semi-Anl,Brasil,Basic Materials,Metals & Mining,DTC
214,TENARIS S.A. (ADS),TS,8524,ARBCOM4602S8,US88031M1099,88031M109,1 :1,"4,000,000.00",NYSE,ADR,Semi-Anl,Luxemburgo,Industrial,Energy Equipment & Services,DTC
215,BANCO SANTANDER  S.A. (ADR),SAN,8525,ARBCOM4602T6,US05964H1059,05964H105,1 :4,"500,000.00",NYSE,ADR,Semi-Anl,España,Financial,Banks,DTC
216,PETROLEO BRASILEIRO - PETROBRAS (ADR),PBR,8526,ARBCOM4602U4,US71654V4086,71654V408,1 :1,"15,000,000.00",NYSE,ADR,Quarter,Brasil,Energy,"Oil, Gas & Consumable Fuels",DTC
217,VISTA ENERGY S.A.B. de C.V (ADS),VIST,8527,ARBCOM4602V2 ,US92837L1098,92837L109,3:1,"150,000,000.00",NYSE,ADR,None,México,Energy,"Oil, Gas & Consumable Fuels",DTC
218,ABBVIE INC,ABBV ,8528,ARBCOM4603M9,US00287Y1091,00287Y109,10:1,"8,000,000.00",NYSE,Common Stock,Quarter,Estados Unidos,Consumer,Biotechnology,DTC
219,BERKSHIRE HATHAWAY INC,BRK/B,8529,ARBCOM4603L1,US0846707026,84670702,22:1,"5,999,994.00",NYSE,Common Stock,None,Estados Unidos,Financial,Diversified Financial Services,DTC
220,BIOCERES CROP SOLUTIONS CORP,BIOX ,8530,ARBCOM4603K3,KYG1117K1141,G1117K114.,1:1,"5,180,000.00",NASDAQ GS,Common Stock,None,Argentina,Consumer,Food Products,DTC
221,BROADCOM INC,AVGO ,8531,ARBCOM4603J5,US11135F1012,11135F101,39:1,"3,999,996.00",NASDAQ GS,Common Stock,Quarter,Estados Unidos,Technology,Semiconductors & Semiconductor,DTC
222,CORP AMERICA AIRPORTS SA,CAAP ,8532,ARBCOM4603I7,LU1756447840,175644784,1:4,"500,000.00",NYSE,Common Stock,None,Argentina,Consumer,Transportation Infrastructure,DTC
223,DOCUSIGN INC,DOCU ,8533,ARBCOM4603H9,US2561631068,256163106,22:1,"3,999,996.00",NASDAQ GS,Common Stock,None,Estados Unidos,Technology,Software,DTC
224,ETSY INC,ETSY ,8534,ARBCOM4603G1,US29786A1060,29786A106,16:1,"4,000,000.00",NASDAQ GS,Common Stock,None,Estados Unidos,Communications,Internet & Direct Marketing Re,DTC
225,GEOPARK LTD,GPRK,8535,ARBCOM4603F3,BMG383271050,G38327105,1:1,"7,030,000.00",NYSE,Common Stock,Quarter,Chile,Energy,"Oil, Gas & Consumable Fuels",DTC
226,HALLIBURTON CO,HAL ,8536,ARBCOM4603E6,US4062161017,406216101,2:1,"2,000,000.00",NYSE,Common Stock,Quarter,Estados Unidos,Energy,Energy Equipment & Services,DTC
227,MASTERCARD INC,MA ,8537,ARBCOM4603D8,US57636Q1040,57636Q104,33:1,"7,999,992.00",NYSE,Common Stock,Quarter,Estados Unidos,Financial,IT Services,DTC
228,PAN AMERICAN SILVER CORP,PAAS ,8538,ARBCOM4603C0,CA6979001089,697900108,3:1,"3,999,999.00",NYSE,Common Stock,Quarter,Canadá,Basic Materials,Metals & Mining,DTC
229,PHILLIPS 66,PSX,8539,ARBCOM460333,US7185461040,718546104,6:1,"3,999,996.00",NYSE,Common Stock,Quarter,Estados Unidos,Energy,"Oil, Gas & Consumable Fuels",DTC
230,UNION PACIFIC CORP,UNP ,8540,ARBCOM460382,US9078181081,907818108,20:1,"2,000,000.00",NYSE,Common Stock,Quarter,Estados Unidos,Industrial,Road & Rail,DTC
231,UNITEDHEALTH GROUP INC,UNH,8541,ARBCOM460390,US91324P1021,91324P102,33:1,"7,999,992.00",NYSE,Common Stock,Quarter,Estados Unidos,Consumer,Health Care Providers & Servic,DTC
232,WALGREENS BOOTS ALLIANCE INC,WBA ,8542,ARBCOM4603A4,US9314271084,931427108,3:1,"7,999,998.00",NASDAQ GS,Common Stock,Quarter,Estados Unidos,Consumer,Food & Staples Retailing,DTC
233,ZOOM COMMUNICATIONS INC,ZM ,8543,ARBCOM4603B2,US98980L1017,98980L101,47:1,"3,999,982.00",NASDAQ GS,Common Stock,None,Estados Unidos,Technology,Software,DTC
234,EQUIFAX INC,EFX,8544,ARBCOM460325,US2944291051,294429105,16:1,"2,000,000.00",NYSE,Common Stock,Quarter,Estados Unidos,Consumer,Professional Services,DTC
235,"BLOCK, INC",XYZ,8545,ARBCOM460374,US8522341036,852234103,20:1,"4,000,000.00",NYSE,Common Stock,None,Estados Unidos,Consumer,IT Services,DTC
236,SHOPIFY INC,SHOP ,8546,ARBCOM460341,CA82509L1076,82509L107,107:1,"39,999,810.00",NYSE,Common Stock,None,Canadá,Communications,IT Services,DTC
237,SPOTIFY TECHNOLOGY SA,SPOT ,8547,ARBCOM460366,LU1778762911,177876291,28:1,"1,999,984.00",NYSE,Common Stock,None,Suecia,Communications,Entertainment,DTC
238,SNOWFLAKE INC,SNOW,8548,ARBCOM460358,US8334451098,833445109,30:1,"3,999,990.00",NYSE,Common Stock,None,Estados Unidos,Technology,IT Services,DTC
239,TWILIO INC,TWLO,8561,ARBCOM4603T4,US90138F1021,90138F102,36:1,"4,000,000.00",NYSE,Common Stock,None,Estados Unidos,Technology,IT Services,DTC
240,COINBASE GLOBAL INC,COIN,8562,ARBCOM4603U2,US19260Q1076,19260Q107,27:1,"4,000,000.00",NASDAQ GS,Common Stock,None,Estados Unidos,Financial,Capital Markets,DTC
241,S&P GLOBAL INC,SPGI,8563,ARBCOM4603V0,US78409V1044,78409V104,45:1,"4,000,000.00",NYSE,Common Stock,Quarter,Estados Unidos,"Consumer, Non-cyclical",Capital Markets,DTC
242,AMERICAN AIRLINES GROUP INC,AAL,8564,ARBCOM4603W8,US02376R1023,02376R102,2:1,"4,000,000.00",NASDAQ GS,Common Stock,Irreg,Estados Unidos,Consumer,Airlines,DTC
243,LAM RESEARCH CORP,LRCX,8565,ARBCOM4603X6,US5128073062,512807306,56:1,"40,000,000.00",NASDAQ GS,Common Stock,Quarter,Estados Unidos,Technology,Semiconductors & Semiconductor,DTC
244,ELECTRONIC ARTS INC,EA,8566,ARBCOM4603Y4,US2855121099,285512109,14:1,"4,000,000.00",NASDAQ GS,Common Stock,Quarter,Estados Unidos,Technology,Entertainment,DTC
245,XP INC,XP,8567,ARBCOM4603Z1,KYG982391099,G98239109,4:1,"4,000,000.00",NASDAQ GS,Common Stock,None,Brasil,Financial,Capital Markets,DTC
246,GENERAL MOTORS CO,GM,8568,ARBCOM460408,US37045V1008,37045V100,6:1,"4,000,000.00",NYSE,Common Stock,Irreg,Estados Unidos,"Consumer, Cyclical",Automobiles,DTC
247,DOW INC,DOW,8569,ARBCOM460416,US2605571031,260557103,6:1,"4,000,000.00",NYSE,Common Stock,Quarter,Estados Unidos,Basic Materials,Chemicals,DTC
248,EMBOTELLADORA ANDINA S.A.,AKO.B,8558,ARBCOM4603Q0,US29081P3038,29081P303,1:1,"4,000,000.00",NYSE,ADR,3x a yr,Chile,"Consumer, Non-cyclical",Beverages,DTC
249,NIO INC,NIO,8559,ARBCOM4603R8,US62914V1061,62914V106,4:1,"30,000,000.00",NYSE,ADR,None,China,"Consumer, Cyclical",Automobiles,DTC
250,SEA LTD,SE,8560,ARBCOM4603S6,US81141R1005,81141R100,32:1,"20,000,000.00",NYSE,ADR,None,Islas Caimán,Communications,Entertainment,DTC
251,ADIDAS AG,ADS,8570,ARBCOM460424,DE000A1EWWW0,,22:1,"10,000,000.00",XETRA,Common Stock,Annual,Alemania,Consumer,"Textiles, Apparel & Luxury Goo",EUROCLEAR
252,BRASILAGRO - CO BRASILEIRA DE PROPRIEDADES AGRICOLAS,LND,8590,AR0315369394,US10554B1044,10554B104,1:1,"500,000.00",NYSE,ADR,None,Brasil,Basic Materials,Food Products,DTC
253,BRASKEM SA,BAK,8591,AR0261973801,US1055321053,105532105,2:1,"10,800,000.00",NYSE,ADR,None,Brasil,Industrial,Health Care Providers & Servic,DTC
254,ADVANCE AUTO PARTS INC,AAP,8592,AR0402038027,US00751Y1064,00751Y106,14:1,"500,000.00",NYSE,Common Stock,Quarter,Estados Unidos,Financial,Financial,DTC
255,LITHIUM AMERICAS CORP,LAC,8593,AR0925694561,CA53681J1030,53681J103,1:1,"7,660,000.00",NYSE,Common Stock,None,Canadá,Technology,Technology,DTC
256,MARVELL TECHNOLOGY INC,MRVL,8594,AR0557997514,US5738741041,573874104,14:1,"500,000.00",NASDAQ GS,Common Stock,Quarter,Estados Unidos,Basic Materials,Basic Materials,DTC
257,MCEWEN MINING INC,MUX,8595,AR0829300257,US58039P3055,58039P305,2:1,"500,000.00",NYSE,Common Stock,Semi-Anl,Estados Unidos,Basic Materials,Basic Materials,DTC
258,NU HOLDINGS LTD/CAYMAN ISLANDS,NU,8596,AR0512295764,KYG6683N1034,G6683N103,2:1,"14,330,000.00",NYSE,Common Stock,None,Reino Unido,"Consumer, Cyclical","Consumer, Cyclical",DTC
259,PAGSEGURO DIGITAL LTD,PAGS,8597,AR0651353770,KYG687071012,G68707101,3:1,"8,950,000.00",NYSE,Common Stock,None,Reino Unido,Technology,Technology,DTC
260,PALANTIR TECHNOLOGIES INC,PLTR,8598,AR0132889822,US69608A1088,69608A108,3:1,"1,000,000.00",NASDAQ GS,Common Stock,None,Estados Unidos,Technology,Technology,DTC
261,SHAPEWAYS HOLDINGS INC***,SHPW,8599,AR0693614809,US81947T2015,81947T201,1:2,"500,000.00",OTC US,Common Stock,None,Estados Unidos,Communications,Communications,DTC
262,STONECO LTD,STNE,8628,AR0657424591,KYG851581069,G85158106,3:1,"1,400,000.00",NASDAQ GS,Common Stock,None,Islas Caimán,Financial,Financial,DTC
263,SUNCAR TECHNOLOGY GROUP INC,SDA,8629,AR0097548348,KYG857271087,G85727108,2:1,"500,000.00",NASDAQ CM,Common Stock,None,Islas Caimán,"Consumer, Non-cyclical","Consumer, Non-cyclical",DTC
264,PHILIP MORRIS INTERNATIONAL INC.,PM,8630,AR0361136887,US7181721090,718172109,18:1,"500,000.00",NYSE,Common Stock,Quarter,Estados Unidos,"Consumer, Non-cyclical","Consumer, Non-cyclical",DTC
265,CVS HEALTH CORP.,CVS,8631,AR0107022060,US1266501006,126650100,15:1,"1,480,000.00",NYSE,Common Stock,Quarter,Estados Unidos,"Consumer, Non-cyclical","Consumer, Non-cyclical",DTC
266,"MONDELEZ INTERNATIONAL, INC.",MDLZ,8632,AR0774942129,US6092071058,609207105,15:1,"1,500,000.00",NASDAQ GS,Common Stock,Quarter,Estados Unidos,"Consumer, Non-cyclical","Consumer, Non-cyclical",DTC
267,DELTA AIR LINES INC.,DAL,8633,AR0051689021,US2473617023,247361702,8:1,"500,000.00",NYSE,Common Stock,Quarter,Estados Unidos,"Consumer, Cyclical","Consumer, Cyclical",DTC
268,CARNIVAL CORP.,CCL,8634,AR0180391374,PA1436583006,143658300,3:1,"500,000.00",NYSE,Common Stock,Irreg,Estados Unidos,"Consumer, Cyclical","Consumer, Cyclical",DTC
269,ACCENTURE PLC,ACN,8635,AR0334997050,IE00B4BNMY34,G1151C101,75:1,"500,000.00",NYSE,Common Stock,Quarter,Irlanda,Technology,Technology,DTC
270,CHARLES SCHWAB CORP.,SCHW,8636,AR0368313562,US8085131055,808513105,13:1,"500,000.00",NYSE,Common Stock,Quarter,Estados Unidos,Financial,Financial,DTC
271,MODERNA INC.,MRNA,8637,AR0666228538,US60770K1079,60770K107,19:1,"9,200,000.00",NASDAQ GS,Common Stock,None,Estados Unidos,"Consumer, Non-cyclical","Consumer, Non-cyclical",DTC
272,STELLANTIS NV,STLA,8638,AR0940941575,NL00150001Q9,N82405106,5:1,"9,400,000.00",NYSE,Common Stock,Annual,Paises Bajos,"Consumer, Cyclical","Consumer, Cyclical",DTC
273,BOOKING HOLDINGS INC.,BKNG,8639,AR0171546572,US09857L1089,09857L108,700:1,"500,000.00",NASDAQ GS,Common Stock,Quarter,Estados Unidos,Communications,Communications,DTC
274,T-MOBILE US INC.,TMUS,8640,AR0964115726,US8725901040,872590104,33:1,"500,000.00",NASDAQ GS,Common Stock,Quarter,Estados Unidos,Communications,Communications,DTC
275,VIRGIN GALACTIC HOLDINGS INC.,SPCE,8641,AR0212589896,US92766K4031,92766K403,1:2,"500,000.00",NYSE,Common Stock,None,Estados Unidos,"Consumer, Cyclical","Consumer, Cyclical",DTC
276,RIOT PLATFORMS INC.,RIOT,8642,AR0375251839,US7672921050,767292105,3:1,"7,810,000.00",NASDAQ CM,Common Stock,None,Estados Unidos,"Consumer, Non-cyclical","Consumer, Non-cyclical",DTC
277,ROKU INC.,ROKU,8643,AR0187927956,US77543R1023,77543R102,13:1,"500,000.00",NASDAQ GS,Common Stock,None,Estados Unidos,Communications,Communications,DTC
278,FERRARI NV,RACE,8644,AR0227017768,NL0011585146,N3167Y103,83:1,"500,000.00",NYSE,Common Stock,Annual,ITALIA,"Consumer, Cyclical","Consumer, Cyclical",DTC
279,SKYWORKS SOLUTIONS INC.,SWKS,8645,AR0061200025,US83088M1027,83088M102,21:1,"500,000.00",NASDAQ GS,Common Stock,Quarter,Estados Unidos,Technology,Technology,DTC
280,PINTEREST INC.,PINS,8646,AR0752208279,US72352L1061,72352L106,7:1,"500,000.00",NYSE,Common Stock,None,Estados Unidos,Communications,Communications,DTC
281,BAKER HUGHES CO.,BKR,8647,AR0302010498,US05722G1004,05722G100,7:1,"100,000.00",NASDAQ GS,Common Stock,Quarter,Estados Unidos,Energy,Oil&Gas Services,DTC
282,DANAHER CORP.,DHR,8648,AR0002457668,US2358511028,235851102,54:1,"4,820,000.00",NYSE,Common Stock,Quarter,Estados Unidos,"Consumer, Non-cyclical",Healthcare-Products,DTC
283,GOODYEAR TIRE & RUBBER CO./THE,GT,8649,AR0539172129,US3825501014,382550101,2:1,"100,000.00",NASDAQ GS,Common Stock,Irreg,Estados Unidos,"Consumer, Cyclical",Auto Parts&Equipment,DTC
284,INTUITIVE SURGICAL INC.,ISRG,8650,AR0902369476,US46120E6023,46120E602,90:1,"100,000.00",NASDAQ GS,Common Stock,None,Estados Unidos,"Consumer, Non-cyclical",Healthcare-Products,DTC
285,LITHIUM ARGENTINA AG.,LAR,8651,AR0527954207,CH1403212751,H5012F103,1:1,"5,800,000.00",NYSE,Common Stock,None,Canadá,Basic Materials,Mining,DTC
286,NEXGEN ENERGY LTD,NXE,8652,AR0220648593,CA65340P1062,65340P106,1:1,"100,000.00",NYSE,Common Stock,None,Canadá,Basic Materials,Mining,DTC
287,O'REILLY AUTOMOTIVE INC.,ORLY,8653,AR0876089472,US67103H1077,67103H107,222:1,"100,000.00",NASDAQ GS,Common Stock,None,Estados Unidos,"Consumer, Cyclical",Retail,DTC
288,TJX COMPANIES INC./THE,TJX,8654,AR0831219149,US8725401090,872540109,22:1,"100,000.00",NYSE,Common Stock,Quarter,Estados Unidos,"Consumer, Cyclical",Retail,DTC
289,EQUINOR ASA,EQNR,8655,AR0626892837,US29446M1027,29446M102,6:1,"100,000.00",NYSE,ADR,None,NORUEGA,Energy,"Oil, Gas & Consumable Fuels",DTC
290,ARM HOLDINGS PLC,ARM,8656,AR0489277225,US0420682058,042068205,27:1,"100,000.00",NASDAQ GS,ADR,None,GRAN BRETAÑA,Technology,Software,DTC
291,ISHARES BITCOIN TRUST,IBIT,8660,AR0626566167,US46438F1012,46438F101,10:1,"13,372,000.00",NASDAQ GM,ETF,None,Estados Unidos,Funds ,Exchange Trade Fund,DTC
292,ISHARES CHINA LARGE-CAP ETF ,FXI,8661,AR0033445195,US4642871846,464287184,5:1,"3,497,000.00",NYSE Arca,ETF,Semi-Anl,Estados Unidos,ETF,Exchange Trade Fund,DTC
293,iShares Core MSCI Europe ETF,IEUR,8662,AR0405465953,US46434V7385,46434V738,11:1,"4,000,000.00",NYSE Arca,ETF,Semi-Anl,Estados Unidos,ETF,Exchange Trade Fund,DTC
294,iShares Nasdaq Biotechnology ETF,IBB,8663,AR0377480402,US4642875565,464287556,27:1,"4,000,000.00",NASDAQ GM,ETF,Quarter,Estados Unidos,ETF,Exchange Trade Fund,DTC
295,Vanguard FTSE Developed Markets ETF,VEA,8664,AR0810570678,US9219438580,921943858,10:1,"4,080,000.00",NYSE Arca,ETF,Quarter,Estados Unidos,ETF,Exchange Trade Fund,DTC
296,iShares S&P 500 Value ETF,IVE,8665,AR0864733115,US4642874089,464287408,40:1,"4,000,000.00",NYSE Arca,ETF,Quarter,Estados Unidos,ETF,Exchange Trade Fund,DTC
297,iShares S&P 500 Growth ETF,IVW,8666,AR0344353757,US4642873099,464287309,20:1,"4,030,000.00",NYSE Arca,ETF,Quarter,Estados Unidos,ETF,Exchange Trade Fund,DTC
298,The Communication Services Select Sector SPDR Fund,XLC,8667,AR0515201439,US81369Y8527,81369Y852,19:1,"3,900,000.00",NYSE Arca,ETF,Quarter,Estados Unidos,ETF,Exchange Trade Fund,DTC
299,The Consumer Discretionary Select Sector SPDR Fund,XLY,8668,AR0427103855,US81369Y4070,81369Y407,43:1,"4,010,000.00",NYSE Arca,ETF,Quarter,Estados Unidos,ETF,Exchange Trade Fund,DTC
300,The Materials Select Sector SPDR Fund,XLB,8669,AR0441163851,US81369Y1001,81369Y100,18:1,"3,900,000.00",NYSE Arca,ETF,Quarter,Estados Unidos,ETF,Exchange Trade Fund,DTC
301,The Industrial Select Sector SPDR Fund,XLI,8670,AR0595844538,US81369Y7040,81369Y704,28:1,"4,040,000.00",NYSE Arca,ETF,Quarter,Estados Unidos,ETF,Exchange Trade Fund,DTC
302,The Technology Select Sector SPDR Fund,XLK,8671,AR0824137712,US81369Y8030,81369Y803,46:1,"4,000,000.00",NYSE Arca,ETF,Quarter,Estados Unidos,ETF,Exchange Trade Fund,DTC
303,The Health Care Select Sector SPDR Fund,XLV,8672,AR0216856044,US81369Y2090,81369Y209,29:1,"4,050,000.00",NYSE Arca,ETF,Quarter,Estados Unidos,ETF,Exchange Trade Fund,DTC
304,The Consumer Staples Select Sector SPDR Fund,XLP,8673,AR0887077425,US81369Y3080,81369Y308,16:1,"4,000,000.00",NYSE Arca,ETF,Quarter,Estados Unidos,ETF,Exchange Trade Fund,DTC
305,The Real Estate Select Sector SPDR Fund,XLRE,8674,AR0068390027,US81369Y8600,81369Y860,9:1,"4,150,000.00",NYSE Arca,ETF,Quarter,Estados Unidos,ETF,Exchange Trade Fund,DTC
306,JNJ6.95,DJNJ3-XD004,8272,ARDEUT112687,478160AJ3,478160AJ3,1:1,"60,000,000.00",NYSE,Corp,None,Estados Unidos,Consumer,Pharmaceuticals,DTC
,,,,,,,,,,,,,,,
**,Programa Inhablitado para emitir.,,,,,,,,,,,,,,
***,Programa inabilitado para emitir y cancelar.,,,,,,,,,,,,,,